-- Seed deterministic test data for procedures/trigger demos
USE `arimaadockermysqldb`;

-- Clean tables (respect FK order)
SET FOREIGN_KEY_CHECKS = 0;
TRUNCATE TABLE Moves;
TRUNCATE TABLE OpeningsByMatch;
TRUNCATE TABLE Matches;
TRUNCATE TABLE Players;
TRUNCATE TABLE `Position`;
TRUNCATE TABLE match_summary;
TRUNCATE TABLE audit_log;
TRUNCATE TABLE daily_match_stats;
TRUNCATE TABLE Countries;
TRUNCATE TABLE GameTypes;
TRUNCATE TABLE Events;
SET FOREIGN_KEY_CHECKS = 1;

-- Lookups (from prepareTestCycle.sql)
INSERT INTO Countries (id, name)
VALUES
    (1, 'US');

INSERT INTO Events (id, name, start_date, isOfficial, isRated, rating)
VALUES
    (1, 'Casual game', NULL, 0, 1, 0);

INSERT INTO GameTypes (id, name, time_increment, time_reserve)
VALUES
    (1, '15s/2m30s/100', 15, 150),
    (2, '2m/6m/100/0/7h12s/0', 120, 360);

-- Players (from prepareTestCycle.sql)
-- Identity-like fields intentionally replaced with placeholders.
INSERT INTO Players (id, username, email, password, create_time, rating, RU, games_played, countries_id)
VALUES
    (1, 'Alice', 'alice@example.com', 'passwordONE', '2026-02-04 09:04:54', 2540, 30, 0, 1),
    (2, 'Bob', 'bob@example.org', 'passwordTWO', '2026-02-05 09:04:54', 1677, 45, 0, 1),
    (3, 'Carol', 'carol@example.com', 'passwordTHREE', '2026-02-06 09:04:54', 1400, 120, 0, 1),
    (4, 'Dave', 'dave@example.org', 'passwordFOUR', '2026-02-07 09:04:54', 2644, 30, 0, 1);

-- Positions (from prepareTestCycle.sql)
INSERT INTO Position (id, color, piece, cordinate)
VALUES
    (2717, 'g', 'M', 'b2'),
    (2718, 'g', 'E', 'b1'),
    (2721, 'g', 'H', 'h2'),
    (2722, 'g', 'H', 'h1'),
    (2723, 'g', 'D', 'a1'),
    (2724, 'g', 'D', 'b1'),
    (2728, 'g', 'H', 'g2'),
    (2739, 'g', 'D', 'd2'),
    (2763, 'g', 'C', 'c1'),
    (2779, 'g', 'R', 'a2'),
    (2782, 'g', 'C', 'g1'),
    (2789, 'g', 'R', 'e2'),
    (2790, 'g', 'R', 'd1'),
    (2791, 'g', 'R', 'd2'),
    (2797, 'g', 'R', 'e1'),
    (2810, 'g', 'E', 'h1'),
    (2815, 'g', 'H', 'a2'),
    (2817, 'g', 'R', 'g2'),
    (2822, 'g', 'R', 'b2'),
    (2827, 'g', 'M', 'e2'),
    (2834, 'g', 'R', 'h2'),
    (2841, 'g', 'C', 'e1'),
    (2858, 'g', 'R', 'c1'),
    (2867, 'g', 'E', 'e2'),
    (2888, 'g', 'R', 'h1'),
    (2901, 'g', 'R', 'g1'),
    (2902, 'g', 'R', 'c2'),
    (2903, 'g', 'R', 'f1'),
    (2905, 'g', 'R', 'f2'),
    (2927, 'g', 'R', 'a1'),
    (2952, 'g', 'c', 'f2'),
    (2962, 'g', 'R', 'b1'),
    (2963, 'g', 'D', 'e1'),
    (2965, 'g', 'H', 'd2'),
    (2969, 'g', 'D', 'c2'),
    (2975, 'g', 'C', 'd1'),
    (3067, 's', 'e', 'b7'),
    (3068, 's', 'm', 'g7'),
    (3069, 's', 'h', 'a7'),
    (3070, 's', 'h', 'h7'),
    (3071, 's', 'd', 'd7'),
    (3072, 's', 'd', 'e7'),
    (3073, 's', 'c', 'b8'),
    (3074, 's', 'c', 'g8'),
    (3075, 's', 'r', 'c7'),
    (3076, 's', 'r', 'f7'),
    (3077, 's', 'r', 'a8'),
    (3078, 's', 'r', 'c8'),
    (3079, 's', 'r', 'd8'),
    (3080, 's', 'r', 'e8'),
    (3081, 's', 'r', 'f8'),
    (3082, 's', 'r', 'h8'),
    (3083, 's', 'e', 'e7'),
    (3084, 's', 'm', 'b7'),
    (3085, 's', 'd', 'e8'),
    (3086, 's', 'c', 'g7'),
    (3087, 's', 'r', 'g8'),
    (3088, 's', 'e', 'd7'),
    (3089, 's', 'd', 'd8'),
    (3090, 's', 'm', 'a7'),
    (3092, 's', 'h', 'g7'),
    (3106, 's', 'r', 'b8'),
    (3111, 's', 'c', 'e8'),
    (3113, 's', 'c', 'b7'),
    (3118, 's', 'h', 'e7'),
    (3120, 's', 'd', 'h7');

-- Backfill any missing Position ids used by Moves/Openings below to satisfy FK constraints.
-- We create placeholder rows for a safe numeric range that covers all referenced ids.
-- Note: Values for color/piece/cordinate are dummy but valid for tests that only require referential integrity.
-- Use a numbers generator without CTEs for compatibility with older MySQL/MariaDB.
-- This produces integers 2600..3200 and inserts any missing ids.
INSERT IGNORE INTO Position (id, color, piece, cordinate)
SELECT n, 'g', 'X', 'a1'
FROM (
    SELECT 2600 + ones.i + (tens.i * 10) + (hundreds.i * 100) AS n
    FROM
      (SELECT 0 AS i UNION ALL SELECT 1 UNION ALL SELECT 2 UNION ALL SELECT 3 UNION ALL SELECT 4 UNION ALL 
       SELECT 5 UNION ALL SELECT 6 UNION ALL SELECT 7 UNION ALL SELECT 8 UNION ALL SELECT 9) AS ones
      CROSS JOIN
      (SELECT 0 AS i UNION ALL SELECT 1 UNION ALL SELECT 2 UNION ALL SELECT 3 UNION ALL SELECT 4 UNION ALL 
       SELECT 5 UNION ALL SELECT 6 UNION ALL SELECT 7 UNION ALL SELECT 8 UNION ALL SELECT 9) AS tens
      CROSS JOIN
      (SELECT 0 AS i UNION ALL SELECT 1 UNION ALL SELECT 2 UNION ALL SELECT 3 UNION ALL SELECT 4 UNION ALL 
       SELECT 5 UNION ALL SELECT 6) AS hundreds
) AS seq
WHERE n BETWEEN 2600 AND 3200
  AND NOT EXISTS (SELECT 1 FROM Position p WHERE p.id = n);

-- Matches (from prepareTestCycle.sql)
INSERT INTO Matches (id, termination_type, player_id_silver, player_id_gold, match_result, events_id, gameTypes_id, `timestamp`)
VALUES
    (669122, 'r', 1, 4, 'w', 1, 1, '2026-02-01 11:17:31'),
    (669123, 'g', 1, 4, 'w', 1, 1, '2026-02-01 11:40:02'),
    (669139, 'g', 3, 2, 'w', 1, 2, '2026-02-01 17:09:59');

-- Moves (from prepareTestCycle.sql)
INSERT INTO Moves (id, turn, sequence, direction, status, matches_id, position_id)
VALUES
    (115514, 2, 0, 'n', '1', 669122, 2717),
    (115515, 2, 1, 'n', '1', 669122, 2718),
    (115516, 2, 2, 'e', '1', 669122, 2719),
    (115517, 2, 3, 'n', '1', 669122, 2720),
    (115518, 3, 0, 'n', '1', 669122, 2721),
    (115519, 3, 1, 'n', '1', 669122, 2722),
    (115520, 3, 2, 'e', '1', 669122, 2723),
    (115521, 3, 3, 'n', '1', 669122, 2724),
    (115522, 4, 0, 'e', '1', 669122, 2725),
    (115523, 4, 1, 'e', '1', 669122, 2726),
    (115524, 4, 2, 'n', '1', 669122, 2727),
    (115525, 5, 0, 'w', '1', 669122, 2721),
    (115526, 5, 1, 'n', '1', 669122, 2728),
    (115527, 5, 2, 'e', '1', 669122, 2729),
    (115528, 5, 3, 'e', '1', 669122, 2730),
    (115529, 6, 0, 'e', '1', 669122, 2731),
    (115530, 6, 1, 'e', '1', 669122, 2732),
    (115531, 6, 2, 'n', '1', 669122, 2733),
    (115532, 6, 3, 'e', '1', 669122, 2734),
    (115533, 7, 0, 'w', '1', 669122, 2735),
    (115534, 7, 1, 'w', '1', 669122, 2725),
    (115535, 7, 2, 'w', '1', 669122, 2719),
    (115536, 7, 3, 'n', '1', 669122, 2736),
    (115537, 8, 0, 'w', '1', 669122, 2737),
    (115538, 8, 1, 'n', '1', 669122, 2738),
    (115539, 8, 2, 'n', '1', 669122, 2739),
    (115540, 8, 3, 'n', '1', 669122, 2740),
    (115541, 9, 0, 'w', '1', 669122, 2741),
    (115542, 9, 1, 's', '1', 669122, 2742),
    (115543, 9, 2, 's', '1', 669122, 2743),
    (115544, 9, 3, 'e', '1', 669122, 2744),
    (115545, 10, 0, 's', '1', 669122, 2741),
    (115546, 10, 1, 'w', '1', 669122, 2745),
    (115547, 10, 2, 'w', '1', 669122, 2740),
    (115548, 10, 3, 'n', '1', 669122, 2746),
    (115549, 11, 0, 'w', '1', 669122, 2738),
    (115550, 11, 1, 'w', '1', 669122, 2747),
    (115551, 11, 2, 'w', '1', 669122, 2734),
    (115552, 11, 3, 'w', '1', 669122, 2746),
    (115553, 12, 0, 's', '1', 669122, 2748),
    (115554, 12, 1, 'w', '1', 669122, 2749),
    (115555, 12, 2, 'w', '1', 669122, 2750),
    (115556, 12, 3, 'e', '1', 669122, 2729),
    (115557, 13, 0, 'e', '1', 669122, 2751),
    (115558, 13, 1, 'e', '1', 669122, 2750),
    (115559, 13, 2, 's', '1', 669122, 2752),
    (115560, 13, 3, 'n', '1', 669122, 2753),
    (115561, 14, 0, 'n', '1', 669122, 2749),
    (115562, 14, 1, 'e', '1', 669122, 2748),
    (115563, 14, 2, 'w', '1', 669122, 2754),
    (115564, 14, 3, 'e', '1', 669122, 2755),
    (115565, 15, 0, 'e', '1', 669122, 2756),
    (115566, 15, 1, 's', '1', 669122, 2757),
    (115567, 15, 2, 's', '1', 669122, 2758),
    (115568, 15, 3, 'w', '1', 669122, 2759),
    (115569, 16, 0, 'w', '1', 669122, 2736),
    (115570, 16, 1, 'e', '1', 669122, 2760),
    (115571, 16, 2, 's', '1', 669122, 2761),
    (115572, 16, 3, 'x', '0', 669122, 2762),
    (115573, 16, 4, 'w', '1', 669122, 2763),
    (115574, 17, 0, 's', '1', 669122, 2764),
    (115575, 17, 1, 'w', '1', 669122, 2765),
    (115576, 17, 2, 'e', '1', 669122, 2756),
    (115577, 17, 3, 's', '1', 669122, 2757),
    (115578, 18, 0, 's', '1', 669122, 2758),
    (115579, 18, 1, 'w', '1', 669122, 2759),
    (115580, 18, 2, 's', '1', 669122, 2761),
    (115581, 18, 3, 'x', '0', 669122, 2762),
    (115582, 18, 4, 's', '1', 669122, 2756),
    (115583, 19, 0, 'n', '1', 669122, 2740),
    (115584, 19, 1, 'w', '1', 669122, 2756),
    (115585, 19, 2, 'n', '1', 669122, 2755),
    (115586, 19, 3, 'n', '1', 669122, 2736),
    (115587, 20, 0, 'w', '1', 669122, 2766),
    (115588, 20, 1, 's', '1', 669122, 2767),
    (115589, 20, 2, 's', '1', 669122, 2768),
    (115590, 20, 3, 'w', '1', 669122, 2769),
    (115591, 21, 0, 'w', '1', 669122, 2770),
    (115592, 21, 1, 's', '1', 669122, 2750),
    (115593, 21, 2, 's', '1', 669122, 2771),
    (115594, 21, 3, 'x', '0', 669122, 2772),
    (115595, 21, 4, 'w', '1', 669122, 2731),
    (115596, 22, 0, 'n', '1', 669122, 2730),
    (115597, 22, 1, 'e', '1', 669122, 2751),
    (115598, 22, 2, 'e', '1', 669122, 2750),
    (115599, 22, 3, 's', '1', 669122, 2773),
    (115600, 23, 0, 's', '1', 669122, 2774),
    (115601, 23, 1, 'w', '1', 669122, 2749),
    (115602, 23, 2, 'n', '1', 669122, 2750),
    (115603, 23, 3, 's', '1', 669122, 2737),
    (115604, 24, 0, 's', '1', 669122, 2775),
    (115605, 24, 1, 's', '1', 669122, 2776),
    (115606, 24, 2, 'w', '1', 669122, 2777),
    (115607, 24, 3, 'x', '0', 669122, 2778),
    (115608, 24, 4, 'n', '1', 669122, 2739),
    (115609, 25, 0, 'n', '1', 669122, 2779),
    (115610, 25, 1, 'n', '1', 669122, 2780),
    (115611, 25, 2, 'n', '1', 669122, 2781),
    (115612, 25, 3, 'e', '1', 669122, 2775),
    (115613, 26, 0, 'n', '1', 669122, 2782),
    (115614, 26, 1, 'e', '1', 669122, 2783),
    (115615, 26, 2, 'n', '1', 669122, 2784),
    (115616, 26, 3, 'n', '1', 669122, 2785),
    (115617, 27, 0, 'n', '1', 669122, 2786),
    (115618, 27, 1, 'n', '1', 669122, 2787),
    (115619, 27, 2, 'w', '1', 669122, 2788),
    (115620, 27, 3, 'n', '1', 669122, 2789),
    (115621, 28, 0, 'n', '1', 669122, 2790),
    (115622, 28, 1, 'n', '1', 669122, 2791),
    (115623, 28, 2, 'n', '1', 669122, 2777),
    (115624, 28, 3, 'w', '1', 669122, 2776),
    (115625, 29, 0, 'e', '1', 669122, 2768),
    (115626, 29, 1, 'n', '1', 669122, 2792),
    (115627, 29, 2, 'n', '1', 669122, 2793),
    (115628, 29, 3, 'n', '1', 669122, 2794),
    (115629, 30, 0, 'n', '1', 669122, 2795),
    (115630, 30, 1, 'n', '1', 669122, 2796),
    (115631, 30, 2, 'n', '1', 669122, 2797),
    (115632, 30, 3, 'n', '1', 669122, 2789),
    (115633, 31, 0, 'w', '1', 669122, 2798),
    (115634, 31, 1, 's', '1', 669122, 2765),
    (115635, 31, 2, 'w', '1', 669122, 2799),
    (115636, 31, 3, 'e', '1', 669122, 2749),
    (115637, 32, 0, 'e', '1', 669122, 2734),
    (115638, 32, 1, 'e', '1', 669122, 2788),
    (115639, 32, 2, 's', '1', 669122, 2800),
    (115640, 32, 3, 'w', '1', 669122, 2738),
    (115641, 33, 0, 'e', '1', 669122, 2767),
    (115642, 33, 1, 'n', '1', 669122, 2801),
    (115643, 33, 2, 'e', '1', 669122, 2774),
    (115644, 33, 3, 'n', '1', 669122, 2795),
    (115645, 34, 0, 's', '1', 669122, 2802),
    (115646, 34, 1, 'x', '0', 669122, 2803),
    (115647, 34, 2, 's', '1', 669122, 2734),
    (115648, 34, 3, 'n', '1', 669122, 2733),
    (115649, 34, 4, 'e', '1', 669122, 2734),
    (115650, 35, 0, 'w', '1', 669122, 2738),
    (115651, 35, 1, 's', '1', 669122, 2743),
    (115652, 35, 2, 's', '1', 669122, 2804),
    (115653, 35, 3, 'e', '1', 669122, 2734),
    (115654, 36, 0, 'w', '1', 669122, 2805),
    (115655, 36, 1, 'w', '1', 669122, 2806),
    (115656, 36, 2, 'e', '1', 669122, 2807),
    (115657, 36, 3, 's', '1', 669122, 2808),
    (115658, 36, 4, 'x', '0', 669122, 2809),
    (115659, 37, 0, 'e', '1', 669122, 2798),
    (115660, 37, 1, 'n', '1', 669122, 2758),
    (115661, 37, 2, 'n', '1', 669122, 2806),
    (115662, 37, 3, 'e', '1', 669122, 2757),
    (115663, 2, 0, 'n', '1', 669122, 2717),
    (115664, 2, 1, 'n', '1', 669122, 2718),
    (115665, 2, 2, 'e', '1', 669122, 2719),
    (115666, 2, 3, 'n', '1', 669122, 2720),
    (115667, 3, 0, 'n', '1', 669122, 2721),
    (115668, 3, 1, 'n', '1', 669122, 2722),
    (115669, 3, 2, 'e', '1', 669122, 2723),
    (115670, 3, 3, 'n', '1', 669122, 2724),
    (115671, 4, 0, 'e', '1', 669122, 2725),
    (115672, 4, 1, 'e', '1', 669122, 2726),
    (115673, 4, 2, 'n', '1', 669122, 2727),
    (115674, 5, 0, 'w', '1', 669122, 2721),
    (115675, 5, 1, 'n', '1', 669122, 2728),
    (115676, 5, 2, 'e', '1', 669122, 2729),
    (115677, 5, 3, 'e', '1', 669122, 2730),
    (115678, 6, 0, 'e', '1', 669122, 2731),
    (115679, 6, 1, 'e', '1', 669122, 2732),
    (115680, 6, 2, 'n', '1', 669122, 2733),
    (115681, 6, 3, 'e', '1', 669122, 2734),
    (115682, 7, 0, 'w', '1', 669122, 2735),
    (115683, 7, 1, 'w', '1', 669122, 2725),
    (115684, 7, 2, 'w', '1', 669122, 2719),
    (115685, 7, 3, 'n', '1', 669122, 2736),
    (115686, 8, 0, 'w', '1', 669122, 2737),
    (115687, 8, 1, 'n', '1', 669122, 2738),
    (115688, 8, 2, 'n', '1', 669122, 2739),
    (115689, 8, 3, 'n', '1', 669122, 2740),
    (115690, 9, 0, 'w', '1', 669122, 2741),
    (115691, 9, 1, 's', '1', 669122, 2742),
    (115692, 9, 2, 's', '1', 669122, 2743),
    (115693, 9, 3, 'e', '1', 669122, 2744),
    (115694, 10, 0, 's', '1', 669122, 2741),
    (115695, 10, 1, 'w', '1', 669122, 2745),
    (115696, 10, 2, 'w', '1', 669122, 2740),
    (115697, 10, 3, 'n', '1', 669122, 2746),
    (115698, 11, 0, 'w', '1', 669122, 2738),
    (115699, 11, 1, 'w', '1', 669122, 2747),
    (115700, 11, 2, 'w', '1', 669122, 2734),
    (115701, 11, 3, 'w', '1', 669122, 2746),
    (115702, 12, 0, 's', '1', 669122, 2748),
    (115703, 12, 1, 'w', '1', 669122, 2749),
    (115704, 12, 2, 'w', '1', 669122, 2750),
    (115705, 12, 3, 'e', '1', 669122, 2729),
    (115706, 13, 0, 'e', '1', 669122, 2751),
    (115707, 13, 1, 'e', '1', 669122, 2750),
    (115708, 13, 2, 's', '1', 669122, 2752),
    (115709, 13, 3, 'n', '1', 669122, 2753),
    (115710, 14, 0, 'n', '1', 669122, 2749),
    (115711, 14, 1, 'e', '1', 669122, 2748),
    (115712, 14, 2, 'w', '1', 669122, 2754),
    (115713, 14, 3, 'e', '1', 669122, 2755),
    (115714, 15, 0, 'e', '1', 669122, 2756),
    (115715, 15, 1, 's', '1', 669122, 2757),
    (115716, 15, 2, 's', '1', 669122, 2758),
    (115717, 15, 3, 'w', '1', 669122, 2759),
    (115718, 16, 0, 'w', '1', 669122, 2736),
    (115719, 16, 1, 'e', '1', 669122, 2760),
    (115720, 16, 2, 's', '1', 669122, 2761),
    (115721, 16, 3, 'x', '0', 669122, 2762),
    (115722, 16, 4, 'w', '1', 669122, 2763),
    (115723, 17, 0, 's', '1', 669122, 2764),
    (115724, 17, 1, 'w', '1', 669122, 2765),
    (115725, 17, 2, 'e', '1', 669122, 2756),
    (115726, 17, 3, 's', '1', 669122, 2757),
    (115727, 18, 0, 's', '1', 669122, 2758),
    (115728, 18, 1, 'w', '1', 669122, 2759),
    (115729, 18, 2, 's', '1', 669122, 2761),
    (115730, 18, 3, 'x', '0', 669122, 2762),
    (115731, 18, 4, 's', '1', 669122, 2756),
    (115732, 19, 0, 'n', '1', 669122, 2740),
    (115733, 19, 1, 'w', '1', 669122, 2756),
    (115734, 19, 2, 'n', '1', 669122, 2755),
    (115735, 19, 3, 'n', '1', 669122, 2736),
    (115736, 20, 0, 'w', '1', 669122, 2766),
    (115737, 20, 1, 's', '1', 669122, 2767),
    (115738, 20, 2, 's', '1', 669122, 2768),
    (115739, 20, 3, 'w', '1', 669122, 2769),
    (115740, 21, 0, 'w', '1', 669122, 2770),
    (115741, 21, 1, 's', '1', 669122, 2750),
    (115742, 21, 2, 's', '1', 669122, 2771),
    (115743, 21, 3, 'x', '0', 669122, 2772),
    (115744, 21, 4, 'w', '1', 669122, 2731),
    (115745, 22, 0, 'n', '1', 669122, 2730),
    (115746, 22, 1, 'e', '1', 669122, 2751),
    (115747, 22, 2, 'e', '1', 669122, 2750),
    (115748, 22, 3, 's', '1', 669122, 2773),
    (115749, 23, 0, 's', '1', 669122, 2774),
    (115750, 23, 1, 'w', '1', 669122, 2749),
    (115751, 23, 2, 'n', '1', 669122, 2750),
    (115752, 23, 3, 's', '1', 669122, 2737),
    (115753, 24, 0, 's', '1', 669122, 2775),
    (115754, 24, 1, 's', '1', 669122, 2776),
    (115755, 24, 2, 'w', '1', 669122, 2777),
    (115756, 24, 3, 'x', '0', 669122, 2778),
    (115757, 24, 4, 'n', '1', 669122, 2739),
    (115758, 25, 0, 'n', '1', 669122, 2779),
    (115759, 25, 1, 'n', '1', 669122, 2780),
    (115760, 25, 2, 'n', '1', 669122, 2781),
    (115761, 25, 3, 'e', '1', 669122, 2775),
    (115762, 26, 0, 'n', '1', 669122, 2782),
    (115763, 26, 1, 'e', '1', 669122, 2783),
    (115764, 26, 2, 'n', '1', 669122, 2784),
    (115765, 26, 3, 'n', '1', 669122, 2785),
    (115766, 27, 0, 'n', '1', 669122, 2786),
    (115767, 27, 1, 'n', '1', 669122, 2787),
    (115768, 27, 2, 'w', '1', 669122, 2788),
    (115769, 27, 3, 'n', '1', 669122, 2789),
    (115770, 28, 0, 'n', '1', 669122, 2790),
    (115771, 28, 1, 'n', '1', 669122, 2791),
    (115772, 28, 2, 'n', '1', 669122, 2777),
    (115773, 28, 3, 'w', '1', 669122, 2776),
    (115774, 29, 0, 'e', '1', 669122, 2768),
    (115775, 29, 1, 'n', '1', 669122, 2792),
    (115776, 29, 2, 'n', '1', 669122, 2793),
    (115777, 29, 3, 'n', '1', 669122, 2794),
    (115778, 30, 0, 'n', '1', 669122, 2795),
    (115779, 30, 1, 'n', '1', 669122, 2796),
    (115780, 30, 2, 'n', '1', 669122, 2797),
    (115781, 30, 3, 'n', '1', 669122, 2789),
    (115782, 31, 0, 'w', '1', 669122, 2798),
    (115783, 31, 1, 's', '1', 669122, 2765),
    (115784, 31, 2, 'w', '1', 669122, 2799),
    (115785, 31, 3, 'e', '1', 669122, 2749),
    (115786, 32, 0, 'e', '1', 669122, 2734),
    (115787, 32, 1, 'e', '1', 669122, 2788),
    (115788, 32, 2, 's', '1', 669122, 2800),
    (115789, 32, 3, 'w', '1', 669122, 2738),
    (115790, 33, 0, 'e', '1', 669122, 2767),
    (115791, 33, 1, 'n', '1', 669122, 2801),
    (115792, 33, 2, 'e', '1', 669122, 2774),
    (115793, 33, 3, 'n', '1', 669122, 2795),
    (115794, 34, 0, 's', '1', 669122, 2802),
    (115795, 34, 1, 'x', '0', 669122, 2803),
    (115796, 34, 2, 's', '1', 669122, 2734),
    (115797, 34, 3, 'n', '1', 669122, 2733),
    (115798, 34, 4, 'e', '1', 669122, 2734),
    (115799, 35, 0, 'w', '1', 669122, 2738),
    (115800, 35, 1, 's', '1', 669122, 2743),
    (115801, 35, 2, 's', '1', 669122, 2804),
    (115802, 35, 3, 'e', '1', 669122, 2734),
    (115803, 36, 0, 'w', '1', 669122, 2805),
    (115804, 36, 1, 'w', '1', 669122, 2806),
    (115805, 36, 2, 'e', '1', 669122, 2807),
    (115806, 36, 3, 's', '1', 669122, 2808),
    (115807, 36, 4, 'x', '0', 669122, 2809),
    (115808, 37, 0, 'e', '1', 669122, 2798),
    (115809, 37, 1, 'n', '1', 669122, 2758),
    (115810, 37, 2, 'n', '1', 669122, 2806),
    (115811, 37, 3, 'e', '1', 669122, 2757),
    (115812, 2, 0, 'n', '1', 669123, 2721),
    (115813, 2, 1, 'n', '1', 669123, 2754),
    (115814, 2, 2, 'n', '1', 669123, 2810),
    (115815, 2, 3, 'n', '1', 669123, 2811),
    (115816, 3, 0, 'w', '1', 669123, 2812),
    (115817, 3, 1, 'w', '1', 669123, 2813),
    (115818, 3, 2, 'w', '1', 669123, 2814),
    (115819, 3, 3, 'n', '1', 669123, 2815),
    (115820, 4, 0, 'w', '1', 669123, 2777),
    (115821, 4, 1, 'w', '1', 669123, 2778),
    (115822, 4, 2, 'n', '1', 669123, 2816),
    (115823, 4, 3, 'n', '1', 669123, 2732),
    (115824, 5, 0, 'e', '1', 669123, 2817),
    (115825, 5, 1, 'n', '1', 669123, 2818),
    (115826, 5, 2, 'n', '1', 669123, 2723),
    (115827, 5, 3, 'n', '1', 669123, 2819),
    (115828, 6, 0, 'e', '1', 669123, 2749),
    (115829, 6, 1, 'e', '1', 669123, 2734),
    (115830, 6, 2, 'w', '1', 669123, 2738),
    (115831, 6, 3, 's', '1', 669123, 2806),
    (115832, 7, 0, 's', '1', 669123, 2820),
    (115833, 7, 1, 's', '1', 669123, 2821),
    (115834, 7, 2, 'w', '1', 669123, 2754),
    (115835, 7, 3, 's', '1', 669123, 2745),
    (115836, 8, 0, 'e', '1', 669123, 2734),
    (115837, 8, 1, 'w', '1', 669123, 2738),
    (115838, 8, 2, 's', '1', 669123, 2806),
    (115839, 8, 3, 'w', '1', 669123, 2822),
    (115840, 9, 0, 'n', '1', 669123, 2724),
    (115841, 9, 1, 'w', '1', 669123, 2734),
    (115842, 9, 2, 'n', '1', 669123, 2749),
    (115843, 9, 3, 'n', '1', 669123, 2782),
    (115844, 10, 0, 'n', '1', 669123, 2736),
    (115845, 10, 1, 'w', '1', 669123, 2823),
    (115846, 10, 2, 'w', '1', 669123, 2824),
    (115847, 10, 3, 'x', '0', 669123, 2762),
    (115848, 10, 4, 's', '1', 669123, 2737),
    (115849, 11, 0, 'n', '1', 669123, 2736),
    (115850, 11, 1, 'n', '1', 669123, 2737),
    (115851, 11, 2, 'n', '1', 669123, 2825),
    (115852, 11, 3, 'n', '1', 669123, 2759),
    (115853, 12, 0, 'w', '1', 669123, 2806),
    (115854, 12, 1, 'w', '1', 669123, 2826),
    (115855, 12, 2, 'n', '1', 669123, 2807),
    (115856, 12, 3, 'e', '1', 669123, 2765),
    (115857, 13, 0, 'w', '1', 669123, 2827),
    (115858, 13, 1, 'n', '1', 669123, 2828),
    (115859, 13, 2, 'w', '1', 669123, 2735),
    (115860, 13, 3, 'e', '1', 669123, 2744),
    (115861, 14, 0, 'n', '1', 669123, 2829),
    (115862, 14, 1, 'w', '1', 669123, 2830),
    (115863, 14, 2, 'w', '1', 669123, 2831),
    (115864, 14, 3, 'w', '1', 669123, 2725),
    (115865, 15, 0, 'w', '1', 669123, 2741),
    (115866, 15, 1, 's', '1', 669123, 2742),
    (115867, 15, 2, 'e', '1', 669123, 2743),
    (115868, 15, 3, 'e', '1', 669123, 2744),
    (115869, 16, 0, 'w', '1', 669123, 2741),
    (115870, 16, 1, 's', '1', 669123, 2742),
    (115871, 16, 2, 's', '1', 669123, 2743),
    (115872, 16, 3, 'e', '1', 669123, 2744),
    (115873, 17, 0, 'w', '1', 669123, 2741),
    (115874, 17, 1, 'w', '1', 669123, 2832),
    (115875, 17, 2, 's', '1', 669123, 2744),
    (115876, 17, 3, 'e', '1', 669123, 2781),
    (115877, 18, 0, 'n', '1', 669123, 2734),
    (115878, 18, 1, 's', '1', 669123, 2833),
    (115879, 18, 2, 'w', '1', 669123, 2744),
    (115880, 18, 3, 'n', '1', 669123, 2834),
    (115881, 19, 0, 's', '1', 669123, 2835),
    (115882, 19, 1, 's', '1', 669123, 2836),
    (115883, 19, 2, 'n', '1', 669123, 2837),
    (115884, 19, 3, 'e', '1', 669123, 2807),
    (115885, 20, 0, 's', '1', 669123, 2806),
    (115886, 20, 1, 's', '1', 669123, 2759),
    (115887, 20, 2, 'n', '1', 669123, 2838),
    (115888, 20, 3, 's', '1', 669123, 2765),
    (115889, 21, 0, 'e', '1', 669123, 2749),
    (115890, 21, 1, 'e', '1', 669123, 2740),
    (115891, 21, 2, 's', '1', 669123, 2839),
    (115892, 21, 3, 's', '1', 669123, 2737),
    (115893, 22, 0, 'n', '1', 669123, 2719),
    (115894, 22, 1, 'w', '1', 669123, 2840),
    (115895, 22, 2, 's', '1', 669123, 2759),
    (115896, 22, 3, 'e', '1', 669123, 2734),
    (115897, 23, 0, 's', '1', 669123, 2738),
    (115898, 23, 1, 's', '1', 669123, 2837),
    (115899, 23, 2, 'n', '1', 669123, 2841),
    (115900, 23, 3, 'n', '1', 669123, 2753),
    (115901, 24, 0, 'w', '1', 669123, 2842),
    (115902, 24, 1, 's', '1', 669123, 2843),
    (115903, 24, 2, 'n', '1', 669123, 2733),
    (115904, 24, 3, 'w', '1', 669123, 2734),
    (115905, 25, 0, 'e', '1', 669123, 2736),
    (115906, 25, 1, 's', '1', 669123, 2729),
    (115907, 25, 2, 'w', '1', 669123, 2824),
    (115908, 25, 3, 'w', '1', 669123, 2754),
    (115909, 26, 0, 'e', '1', 669123, 2749),
    (115910, 26, 1, 's', '1', 669123, 2734),
    (115911, 26, 2, 's', '1', 669123, 2844),
    (115912, 26, 3, 'n', '1', 669123, 2845),
    (115913, 27, 0, 'n', '1', 669123, 2846),
    (115914, 27, 1, 'e', '1', 669123, 2847),
    (115915, 27, 2, 'e', '1', 669123, 2848),
    (115916, 27, 3, 'n', '1', 669123, 2785),
    (115917, 28, 0, 'n', '1', 669123, 2733),
    (115918, 28, 1, 's', '1', 669123, 2734),
    (115919, 28, 2, 'w', '1', 669123, 2804),
    (115920, 28, 3, 's', '1', 669123, 2769),
    (115921, 29, 0, 'n', '1', 669123, 2733),
    (115922, 29, 1, 's', '1', 669123, 2734),
    (115923, 29, 2, 'w', '1', 669123, 2804),
    (115924, 29, 3, 'n', '1', 669123, 2846),
    (115925, 30, 0, 'n', '1', 669123, 2733),
    (115926, 30, 1, 'w', '1', 669123, 2849),
    (115927, 30, 2, 'w', '1', 669123, 2850),
    (115928, 30, 3, 's', '1', 669123, 2734),
    (115929, 31, 0, 'n', '1', 669123, 2733),
    (115930, 31, 1, 'w', '1', 669123, 2849),
    (115931, 31, 2, 'w', '1', 669123, 2850),
    (115932, 31, 3, 's', '1', 669123, 2734),
    (115933, 32, 0, 'n', '1', 669123, 2758),
    (115934, 32, 1, 'n', '1', 669123, 2733),
    (115935, 32, 2, 's', '1', 669123, 2734),
    (115936, 32, 3, 'w', '1', 669123, 2804),
    (115937, 33, 0, 'n', '1', 669123, 2849),
    (115938, 33, 1, 'e', '1', 669123, 2733),
    (115939, 33, 2, 'e', '1', 669123, 2804),
    (115940, 33, 3, 'n', '1', 669123, 2842),
    (115941, 34, 0, 'w', '1', 669123, 2738),
    (115942, 34, 1, 'e', '1', 669123, 2761),
    (115943, 34, 2, 's', '1', 669123, 2734),
    (115944, 34, 3, 'n', '1', 669123, 2779),
    (115945, 35, 0, 'n', '1', 669123, 2733),
    (115946, 35, 1, 'w', '1', 669123, 2849),
    (115947, 35, 2, 'w', '1', 669123, 2850),
    (115948, 35, 3, 's', '1', 669123, 2734),
    (115949, 36, 0, 'e', '1', 669123, 2736),
    (115950, 36, 1, 'w', '1', 669123, 2754),
    (115951, 36, 2, 's', '1', 669123, 2745),
    (115952, 36, 3, 's', '1', 669123, 2830),
    (115953, 37, 0, 'n', '1', 669123, 2780),
    (115954, 37, 1, 'e', '1', 669123, 2848),
    (115955, 37, 2, 'n', '1', 669123, 2785),
    (115956, 37, 3, 'n', '1', 669123, 2733),
    (115957, 38, 0, 'e', '1', 669123, 2781),
    (115958, 38, 1, 'e', '1', 669123, 2785),
    (115959, 38, 2, 's', '1', 669123, 2851),
    (115960, 38, 3, 'w', '1', 669123, 2831),
    (115961, 39, 0, 'w', '1', 669123, 2734),
    (115962, 39, 1, 'e', '1', 669123, 2749),
    (115963, 39, 2, 's', '1', 669123, 2852),
    (115964, 40, 0, 'e', '1', 669123, 2783),
    (115965, 40, 1, 's', '1', 669123, 2798),
    (115966, 40, 2, 'w', '1', 669123, 2734),
    (115967, 40, 3, 'w', '1', 669123, 2749),
    (115968, 41, 0, 'n', '1', 669123, 2784),
    (115969, 41, 1, 'n', '1', 669123, 2785),
    (115970, 41, 2, 'n', '1', 669123, 2793),
    (115971, 41, 3, 'w', '1', 669123, 2750),
    (115972, 42, 0, 'n', '1', 669123, 2853),
    (115973, 42, 1, 'n', '1', 669123, 2801),
    (115974, 42, 2, 'e', '1', 669123, 2790),
    (115975, 42, 3, 'n', '1', 669123, 2782),
    (115976, 43, 0, 'e', '1', 669123, 2751),
    (115977, 43, 1, 'e', '1', 669123, 2846),
    (115978, 43, 2, 's', '1', 669123, 2854),
    (115979, 43, 3, 'w', '1', 669123, 2750),
    (115980, 44, 0, 's', '1', 669123, 2855),
    (115981, 44, 1, 'x', '0', 669123, 2725),
    (115982, 44, 2, 's', '1', 669123, 2751),
    (115983, 44, 3, 'n', '1', 669123, 2730),
    (115984, 44, 4, 'n', '1', 669123, 2831),
    (115985, 45, 0, 'n', '1', 669123, 2775),
    (115986, 45, 1, 's', '1', 669123, 2856),
    (115987, 45, 2, 'e', '1', 669123, 2751),
    (115988, 45, 3, 'e', '1', 669123, 2840),
    (115989, 46, 0, 'n', '1', 669123, 2857),
    (115990, 46, 1, 'w', '1', 669123, 2851),
    (115991, 46, 2, 'n', '1', 669123, 2785),
    (115992, 46, 3, 'e', '1', 669123, 2858),
    (115993, 47, 0, 's', '1', 669123, 2769),
    (115994, 47, 1, 'w', '1', 669123, 2859),
    (115995, 47, 2, 'w', '1', 669123, 2860),
    (115996, 48, 0, 'n', '1', 669123, 2861),
    (115997, 48, 1, 'w', '1', 669123, 2762),
    (115998, 48, 2, 'w', '1', 669123, 2795),
    (115999, 48, 3, 's', '1', 669123, 2856),
    (116000, 49, 0, 'e', '1', 669123, 2862),
    (116001, 49, 1, 'e', '1', 669123, 2750),
    (116002, 49, 2, 'n', '1', 669123, 2846),
    (116003, 49, 3, 'n', '1', 669123, 2833),
    (116004, 50, 0, 'w', '1', 669123, 2777),
    (116005, 50, 1, 'x', '0', 669123, 2778),
    (116006, 50, 2, 'w', '1', 669123, 2861),
    (116007, 50, 3, 'w', '1', 669123, 2863),
    (116008, 50, 4, 'n', '1', 669123, 2749),
    (116009, 51, 0, 's', '1', 669123, 2860),
    (116010, 51, 1, 'w', '1', 669123, 2765),
    (116011, 51, 2, 'n', '1', 669123, 2789),
    (116012, 51, 3, 'n', '1', 669123, 2795),
    (116013, 52, 0, 'n', '1', 669123, 2785),
    (116014, 52, 1, 'n', '1', 669123, 2864),
    (116015, 52, 2, 'e', '1', 669123, 2767),
    (116016, 52, 3, 'n', '1', 669123, 2859),
    (116017, 53, 0, 'w', '1', 669123, 2859),
    (116018, 53, 1, 'w', '1', 669123, 2793),
    (116019, 53, 2, 'n', '1', 669123, 2862),
    (116020, 53, 3, 'n', '1', 669123, 2830),
    (116021, 54, 0, 'n', '1', 669123, 2862),
    (116022, 54, 1, 'n', '1', 669123, 2830),
    (116023, 54, 2, 'w', '1', 669123, 2865),
    (116024, 54, 3, 'n', '1', 669123, 2866),
    (116025, 2, 0, 'n', '1', 669123, 2721),
    (116026, 2, 1, 'n', '1', 669123, 2754),
    (116027, 2, 2, 'n', '1', 669123, 2810),
    (116028, 2, 3, 'n', '1', 669123, 2811),
    (116029, 3, 0, 'w', '1', 669123, 2812),
    (116030, 3, 1, 'w', '1', 669123, 2813),
    (116031, 3, 2, 'w', '1', 669123, 2814),
    (116032, 3, 3, 'n', '1', 669123, 2815),
    (116033, 4, 0, 'w', '1', 669123, 2777),
    (116034, 4, 1, 'w', '1', 669123, 2778),
    (116035, 4, 2, 'n', '1', 669123, 2816),
    (116036, 4, 3, 'n', '1', 669123, 2732),
    (116037, 5, 0, 'e', '1', 669123, 2817),
    (116038, 5, 1, 'n', '1', 669123, 2818),
    (116039, 5, 2, 'n', '1', 669123, 2723),
    (116040, 5, 3, 'n', '1', 669123, 2819),
    (116041, 6, 0, 'e', '1', 669123, 2749),
    (116042, 6, 1, 'e', '1', 669123, 2734),
    (116043, 6, 2, 'w', '1', 669123, 2738),
    (116044, 6, 3, 's', '1', 669123, 2806),
    (116045, 7, 0, 's', '1', 669123, 2820),
    (116046, 7, 1, 's', '1', 669123, 2821),
    (116047, 7, 2, 'w', '1', 669123, 2754),
    (116048, 7, 3, 's', '1', 669123, 2745),
    (116049, 8, 0, 'e', '1', 669123, 2734),
    (116050, 8, 1, 'w', '1', 669123, 2738),
    (116051, 8, 2, 's', '1', 669123, 2806),
    (116052, 8, 3, 'w', '1', 669123, 2822),
    (116053, 9, 0, 'n', '1', 669123, 2724),
    (116054, 9, 1, 'w', '1', 669123, 2734),
    (116055, 9, 2, 'n', '1', 669123, 2749),
    (116056, 9, 3, 'n', '1', 669123, 2782),
    (116057, 10, 0, 'n', '1', 669123, 2736),
    (116058, 10, 1, 'w', '1', 669123, 2823),
    (116059, 10, 2, 'w', '1', 669123, 2824),
    (116060, 10, 3, 'x', '0', 669123, 2762),
    (116061, 10, 4, 's', '1', 669123, 2737),
    (116062, 11, 0, 'n', '1', 669123, 2736),
    (116063, 11, 1, 'n', '1', 669123, 2737),
    (116064, 11, 2, 'n', '1', 669123, 2825),
    (116065, 11, 3, 'n', '1', 669123, 2759),
    (116066, 12, 0, 'w', '1', 669123, 2806),
    (116067, 12, 1, 'w', '1', 669123, 2826),
    (116068, 12, 2, 'n', '1', 669123, 2807),
    (116069, 12, 3, 'e', '1', 669123, 2765),
    (116070, 13, 0, 'w', '1', 669123, 2827),
    (116071, 13, 1, 'n', '1', 669123, 2828),
    (116072, 13, 2, 'w', '1', 669123, 2735),
    (116073, 13, 3, 'e', '1', 669123, 2744),
    (116074, 14, 0, 'n', '1', 669123, 2829),
    (116075, 14, 1, 'w', '1', 669123, 2830),
    (116076, 14, 2, 'w', '1', 669123, 2831),
    (116077, 14, 3, 'w', '1', 669123, 2725),
    (116078, 15, 0, 'w', '1', 669123, 2741),
    (116079, 15, 1, 's', '1', 669123, 2742),
    (116080, 15, 2, 'e', '1', 669123, 2743),
    (116081, 15, 3, 'e', '1', 669123, 2744),
    (116082, 16, 0, 'w', '1', 669123, 2741),
    (116083, 16, 1, 's', '1', 669123, 2742),
    (116084, 16, 2, 's', '1', 669123, 2743),
    (116085, 16, 3, 'e', '1', 669123, 2744),
    (116086, 17, 0, 'w', '1', 669123, 2741),
    (116087, 17, 1, 'w', '1', 669123, 2832),
    (116088, 17, 2, 's', '1', 669123, 2744),
    (116089, 17, 3, 'e', '1', 669123, 2781),
    (116090, 18, 0, 'n', '1', 669123, 2734),
    (116091, 18, 1, 's', '1', 669123, 2833),
    (116092, 18, 2, 'w', '1', 669123, 2744),
    (116093, 18, 3, 'n', '1', 669123, 2834),
    (116094, 19, 0, 's', '1', 669123, 2835),
    (116095, 19, 1, 's', '1', 669123, 2836),
    (116096, 19, 2, 'n', '1', 669123, 2837),
    (116097, 19, 3, 'e', '1', 669123, 2807),
    (116098, 20, 0, 's', '1', 669123, 2806),
    (116099, 20, 1, 's', '1', 669123, 2759),
    (116100, 20, 2, 'n', '1', 669123, 2838),
    (116101, 20, 3, 's', '1', 669123, 2765),
    (116102, 21, 0, 'e', '1', 669123, 2749),
    (116103, 21, 1, 'e', '1', 669123, 2740),
    (116104, 21, 2, 's', '1', 669123, 2839),
    (116105, 21, 3, 's', '1', 669123, 2737),
    (116106, 22, 0, 'n', '1', 669123, 2719),
    (116107, 22, 1, 'w', '1', 669123, 2840),
    (116108, 22, 2, 's', '1', 669123, 2759),
    (116109, 22, 3, 'e', '1', 669123, 2734),
    (116110, 23, 0, 's', '1', 669123, 2738),
    (116111, 23, 1, 's', '1', 669123, 2837),
    (116112, 23, 2, 'n', '1', 669123, 2841),
    (116113, 23, 3, 'n', '1', 669123, 2753),
    (116114, 24, 0, 'w', '1', 669123, 2842),
    (116115, 24, 1, 's', '1', 669123, 2843),
    (116116, 24, 2, 'n', '1', 669123, 2733),
    (116117, 24, 3, 'w', '1', 669123, 2734),
    (116118, 25, 0, 'e', '1', 669123, 2736),
    (116119, 25, 1, 's', '1', 669123, 2729),
    (116120, 25, 2, 'w', '1', 669123, 2824),
    (116121, 25, 3, 'w', '1', 669123, 2754),
    (116122, 26, 0, 'e', '1', 669123, 2749),
    (116123, 26, 1, 's', '1', 669123, 2734),
    (116124, 26, 2, 's', '1', 669123, 2844),
    (116125, 26, 3, 'n', '1', 669123, 2845),
    (116126, 27, 0, 'n', '1', 669123, 2846),
    (116127, 27, 1, 'e', '1', 669123, 2847),
    (116128, 27, 2, 'e', '1', 669123, 2848),
    (116129, 27, 3, 'n', '1', 669123, 2785),
    (116130, 28, 0, 'n', '1', 669123, 2733),
    (116131, 28, 1, 's', '1', 669123, 2734),
    (116132, 28, 2, 'w', '1', 669123, 2804),
    (116133, 28, 3, 's', '1', 669123, 2769),
    (116134, 29, 0, 'n', '1', 669123, 2733),
    (116135, 29, 1, 's', '1', 669123, 2734),
    (116136, 29, 2, 'w', '1', 669123, 2804),
    (116137, 29, 3, 'n', '1', 669123, 2846),
    (116138, 30, 0, 'n', '1', 669123, 2733),
    (116139, 30, 1, 'w', '1', 669123, 2849),
    (116140, 30, 2, 'w', '1', 669123, 2850),
    (116141, 30, 3, 's', '1', 669123, 2734),
    (116142, 31, 0, 'n', '1', 669123, 2733),
    (116143, 31, 1, 'w', '1', 669123, 2849),
    (116144, 31, 2, 'w', '1', 669123, 2850),
    (116145, 31, 3, 's', '1', 669123, 2734),
    (116146, 32, 0, 'n', '1', 669123, 2758),
    (116147, 32, 1, 'n', '1', 669123, 2733),
    (116148, 32, 2, 's', '1', 669123, 2734),
    (116149, 32, 3, 'w', '1', 669123, 2804),
    (116150, 33, 0, 'n', '1', 669123, 2849),
    (116151, 33, 1, 'e', '1', 669123, 2733),
    (116152, 33, 2, 'e', '1', 669123, 2804),
    (116153, 33, 3, 'n', '1', 669123, 2842),
    (116154, 34, 0, 'w', '1', 669123, 2738),
    (116155, 34, 1, 'e', '1', 669123, 2761),
    (116156, 34, 2, 's', '1', 669123, 2734),
    (116157, 34, 3, 'n', '1', 669123, 2779),
    (116158, 35, 0, 'n', '1', 669123, 2733),
    (116159, 35, 1, 'w', '1', 669123, 2849),
    (116160, 35, 2, 'w', '1', 669123, 2850),
    (116161, 35, 3, 's', '1', 669123, 2734),
    (116162, 36, 0, 'e', '1', 669123, 2736),
    (116163, 36, 1, 'w', '1', 669123, 2754),
    (116164, 36, 2, 's', '1', 669123, 2745),
    (116165, 36, 3, 's', '1', 669123, 2830),
    (116166, 37, 0, 'n', '1', 669123, 2780),
    (116167, 37, 1, 'e', '1', 669123, 2848),
    (116168, 37, 2, 'n', '1', 669123, 2785),
    (116169, 37, 3, 'n', '1', 669123, 2733),
    (116170, 38, 0, 'e', '1', 669123, 2781),
    (116171, 38, 1, 'e', '1', 669123, 2785),
    (116172, 38, 2, 's', '1', 669123, 2851),
    (116173, 38, 3, 'w', '1', 669123, 2831),
    (116174, 39, 0, 'w', '1', 669123, 2734),
    (116175, 39, 1, 'e', '1', 669123, 2749),
    (116176, 39, 2, 's', '1', 669123, 2852),
    (116177, 40, 0, 'e', '1', 669123, 2783),
    (116178, 40, 1, 's', '1', 669123, 2798),
    (116179, 40, 2, 'w', '1', 669123, 2734),
    (116180, 40, 3, 'w', '1', 669123, 2749),
    (116181, 41, 0, 'n', '1', 669123, 2784),
    (116182, 41, 1, 'n', '1', 669123, 2785),
    (116183, 41, 2, 'n', '1', 669123, 2793),
    (116184, 41, 3, 'w', '1', 669123, 2750),
    (116185, 42, 0, 'n', '1', 669123, 2853),
    (116186, 42, 1, 'n', '1', 669123, 2801),
    (116187, 42, 2, 'e', '1', 669123, 2790),
    (116188, 42, 3, 'n', '1', 669123, 2782),
    (116189, 43, 0, 'e', '1', 669123, 2751),
    (116190, 43, 1, 'e', '1', 669123, 2846),
    (116191, 43, 2, 's', '1', 669123, 2854),
    (116192, 43, 3, 'w', '1', 669123, 2750),
    (116193, 44, 0, 's', '1', 669123, 2855),
    (116194, 44, 1, 'x', '0', 669123, 2725),
    (116195, 44, 2, 's', '1', 669123, 2751),
    (116196, 44, 3, 'n', '1', 669123, 2730),
    (116197, 44, 4, 'n', '1', 669123, 2831),
    (116198, 45, 0, 'n', '1', 669123, 2775),
    (116199, 45, 1, 's', '1', 669123, 2856),
    (116200, 45, 2, 'e', '1', 669123, 2751),
    (116201, 45, 3, 'e', '1', 669123, 2840),
    (116202, 46, 0, 'n', '1', 669123, 2857),
    (116203, 46, 1, 'w', '1', 669123, 2851),
    (116204, 46, 2, 'n', '1', 669123, 2785),
    (116205, 46, 3, 'e', '1', 669123, 2858),
    (116206, 47, 0, 's', '1', 669123, 2769),
    (116207, 47, 1, 'w', '1', 669123, 2859),
    (116208, 47, 2, 'w', '1', 669123, 2860),
    (116209, 48, 0, 'n', '1', 669123, 2861),
    (116210, 48, 1, 'w', '1', 669123, 2762),
    (116211, 48, 2, 'w', '1', 669123, 2795),
    (116212, 48, 3, 's', '1', 669123, 2856),
    (116213, 49, 0, 'e', '1', 669123, 2862),
    (116214, 49, 1, 'e', '1', 669123, 2750),
    (116215, 49, 2, 'n', '1', 669123, 2846),
    (116216, 49, 3, 'n', '1', 669123, 2833),
    (116217, 50, 0, 'w', '1', 669123, 2777),
    (116218, 50, 1, 'x', '0', 669123, 2778),
    (116219, 50, 2, 'w', '1', 669123, 2861),
    (116220, 50, 3, 'w', '1', 669123, 2863),
    (116221, 50, 4, 'n', '1', 669123, 2749),
    (116222, 51, 0, 's', '1', 669123, 2860),
    (116223, 51, 1, 'w', '1', 669123, 2765),
    (116224, 51, 2, 'n', '1', 669123, 2789),
    (116225, 51, 3, 'n', '1', 669123, 2795),
    (116226, 52, 0, 'n', '1', 669123, 2785),
    (116227, 52, 1, 'n', '1', 669123, 2864),
    (116228, 52, 2, 'e', '1', 669123, 2767),
    (116229, 52, 3, 'n', '1', 669123, 2859),
    (116230, 53, 0, 'w', '1', 669123, 2859),
    (116231, 53, 1, 'w', '1', 669123, 2793),
    (116232, 53, 2, 'n', '1', 669123, 2862),
    (116233, 53, 3, 'n', '1', 669123, 2830),
    (116234, 54, 0, 'n', '1', 669123, 2862),
    (116235, 54, 1, 'n', '1', 669123, 2830),
    (116236, 54, 2, 'w', '1', 669123, 2865),
    (116237, 54, 3, 'n', '1', 669123, 2866),
    (120370, 2, 0, 'n', '1', 669139, 2867),
    (120371, 2, 1, 'n', '1', 669139, 2816),
    (120372, 2, 2, 'n', '1', 669139, 2732),
    (120373, 2, 3, 'n', '1', 669139, 2717),
    (120374, 3, 0, 'e', '1', 669139, 2719),
    (120375, 3, 1, 'e', '1', 669139, 2725),
    (120376, 3, 2, 'e', '1', 669139, 2735),
    (120377, 3, 3, 'e', '1', 669139, 2884),
    (120378, 4, 0, 'n', '1', 669139, 2728),
    (120379, 4, 1, 'n', '1', 669139, 2965),
    (120380, 4, 2, 'w', '1', 669139, 2908),
    (120381, 4, 3, 'w', '1', 669139, 2772),
    (120382, 5, 0, 's', '1', 669139, 2749),
    (120383, 5, 1, 's', '1', 669139, 2850),
    (120384, 5, 2, 'n', '1', 669139, 2901),
    (120385, 5, 3, 'e', '1', 669139, 2903),
    (120386, 6, 0, 's', '1', 669139, 2850),
    (120387, 6, 1, 'n', '1', 669139, 2962),
    (120388, 6, 2, 'w', '1', 669139, 2858),
    (120389, 6, 3, 'n', '1', 669139, 2963),
    (120390, 7, 0, 's', '1', 669139, 2850),
    (120391, 7, 1, 'w', '1', 669139, 2975),
    (120392, 7, 2, 'n', '1', 669139, 2915),
    (120393, 7, 3, 'n', '1', 669139, 2779),
    (120394, 8, 0, 'e', '1', 669139, 2850),
    (120395, 8, 1, 'e', '1', 669139, 2732),
    (120396, 8, 2, 'n', '1', 669139, 2834),
    (120397, 8, 3, 'n', '1', 669139, 2823),
    (120398, 9, 0, 'e', '1', 669139, 2733),
    (120399, 9, 1, 'e', '1', 669139, 2804),
    (120400, 9, 2, 'n', '1', 669139, 2917),
    (120401, 9, 3, 'n', '1', 669139, 2842),
    (120402, 10, 0, 'e', '1', 669139, 2738),
    (120403, 10, 1, 's', '1', 669139, 2806),
    (120404, 10, 2, 's', '1', 669139, 2759),
    (120405, 10, 3, 'w', '1', 669139, 3011),
    (120406, 11, 0, 'n', '1', 669139, 2780),
    (120407, 11, 1, 's', '1', 669139, 2877),
    (120408, 11, 2, 'w', '1', 669139, 2738),
    (120409, 11, 3, 'n', '1', 669139, 2888),
    (120410, 12, 0, 's', '1', 669139, 2734),
    (120411, 12, 1, 'n', '1', 669139, 2733),
    (120412, 12, 2, 'w', '1', 669139, 2737),
    (120413, 12, 3, 's', '1', 669139, 2877),
    (120414, 13, 0, 's', '1', 669139, 2877),
    (120415, 13, 1, 's', '1', 669139, 2740),
    (120416, 13, 2, 'x', '0', 669139, 2760),
    (120417, 13, 3, 's', '1', 669139, 2734),
    (120418, 13, 4, 'n', '1', 669139, 2733),
    (120419, 14, 0, 'n', '1', 669139, 2745),
    (120420, 14, 1, 'n', '1', 669139, 2984),
    (120421, 14, 2, 'n', '1', 669139, 2997),
    (120422, 14, 3, 'n', '1', 669139, 2834),
    (120423, 15, 0, 'w', '1', 669139, 2734),
    (120424, 15, 1, 'e', '1', 669139, 2749),
    (120425, 15, 2, 's', '1', 669139, 2970),
    (120426, 15, 3, 'n', '1', 669139, 2736),
    (120427, 16, 0, 'e', '1', 669139, 2734),
    (120428, 16, 1, 'e', '1', 669139, 2755),
    (120429, 16, 2, 's', '1', 669139, 2756),
    (120430, 16, 3, 'w', '1', 669139, 2738),
    (120431, 17, 0, 'n', '1', 669139, 2822),
    (120432, 17, 1, 'n', '1', 669139, 2829),
    (120433, 17, 2, 'e', '1', 669139, 2878),
    (120434, 17, 3, 'e', '1', 669139, 2879),
    (120435, 18, 0, 'n', '1', 669139, 2962),
    (120436, 18, 1, 'n', '1', 669139, 2822),
    (120437, 18, 2, 'e', '1', 669139, 2831),
    (120438, 18, 3, 'e', '1', 669139, 2879),
    (120439, 19, 0, 'w', '1', 669139, 2786),
    (120440, 19, 1, 'n', '1', 669139, 2775),
    (120441, 19, 2, 'e', '1', 669139, 2748),
    (120442, 19, 3, 's', '1', 669139, 2755),
    (120443, 20, 0, 's', '1', 669139, 2740),
    (120444, 20, 1, 'x', '0', 669139, 2760),
    (120445, 20, 2, 's', '1', 669139, 2734),
    (120446, 20, 3, 'n', '1', 669139, 2733),
    (120447, 20, 4, 'w', '1', 669139, 2857),
    (120448, 21, 0, 'w', '1', 669139, 2734),
    (120449, 21, 1, 'n', '1', 669139, 2792),
    (120450, 21, 2, 'w', '1', 669139, 2749),
    (120451, 21, 3, 'w', '1', 669139, 2763),
    (120452, 22, 0, 's', '1', 669139, 2750),
    (120453, 22, 1, 's', '1', 669139, 2794),
    (120454, 22, 2, 'x', '0', 669139, 2778),
    (120455, 22, 3, 'w', '1', 669139, 2731),
    (120456, 22, 4, 's', '1', 669139, 2860),
    (120457, 23, 0, 's', '1', 669139, 2851),
    (120458, 23, 1, 'n', '1', 669139, 2730),
    (120459, 23, 2, 's', '1', 669139, 2876),
    (120460, 23, 3, 'e', '1', 669139, 2751),
    (120461, 24, 0, 'w', '1', 669139, 2954),
    (120462, 24, 1, 's', '1', 669139, 2750),
    (120463, 24, 2, 's', '1', 669139, 2855),
    (120464, 24, 3, 'x', '0', 669139, 2725),
    (120465, 24, 4, 'w', '1', 669139, 2731),
    (120466, 25, 0, 'n', '1', 669139, 2730),
    (120467, 25, 1, 'e', '1', 669139, 2751),
    (120468, 25, 2, 'n', '1', 669139, 2750),
    (120469, 25, 3, 'w', '1', 669139, 2746),
    (120470, 26, 0, 'w', '1', 669139, 2770),
    (120471, 26, 1, 'w', '1', 669139, 2771),
    (120472, 26, 2, 'w', '1', 669139, 2840),
    (120473, 26, 3, 'n', '1', 669139, 2877),
    (120474, 27, 0, 'e', '1', 669139, 2878),
    (120475, 27, 1, 's', '1', 669139, 2862),
    (120476, 27, 2, 's', '1', 669139, 2840),
    (120477, 27, 3, 'w', '1', 669139, 2879),
    (120478, 28, 0, 'e', '1', 669139, 2831),
    (120479, 28, 1, 's', '1', 669139, 2878),
    (120480, 28, 2, 's', '1', 669139, 2794),
    (120481, 28, 3, 'x', '0', 669139, 2778),
    (120482, 28, 4, 'e', '1', 669139, 2877),
    (120483, 29, 0, 'w', '1', 669139, 2969),
    (120484, 29, 1, 'w', '1', 669139, 2753),
    (120485, 29, 2, 'n', '1', 669139, 2819),
    (120486, 29, 3, 'n', '1', 669139, 3006),
    (120487, 30, 0, 'n', '1', 669139, 2847),
    (120488, 30, 1, 'n', '1', 669139, 2835),
    (120489, 30, 2, 'n', '1', 669139, 2771),
    (120490, 30, 3, 'w', '1', 669139, 2952),
    (120491, 31, 0, 'w', '1', 669139, 2775),
    (120492, 31, 1, 'n', '1', 669139, 2784),
    (120493, 31, 2, 'w', '1', 669139, 2785),
    (120494, 31, 3, 'n', '1', 669139, 2882),
    (120495, 32, 0, 'w', '1', 669139, 2840),
    (120496, 32, 1, 'n', '1', 669139, 2848),
    (120497, 32, 2, 'e', '1', 669139, 2887),
    (120498, 32, 3, 'n', '1', 669139, 2927),
    (120499, 33, 0, 'w', '1', 669139, 2737),
    (120500, 33, 1, 'n', '1', 669139, 2949),
    (120501, 33, 2, 'n', '1', 669139, 2861),
    (120502, 33, 3, 'n', '1', 669139, 2856),
    (120503, 34, 0, 'e', '1', 669139, 2852),
    (120504, 34, 1, 'n', '1', 669139, 2933),
    (120505, 34, 2, 'w', '1', 669139, 2758),
    (120506, 34, 3, 'n', '1', 669139, 2740),
    (120507, 35, 0, 'e', '1', 669139, 2879),
    (120508, 35, 1, 'e', '1', 669139, 2830),
    (120509, 35, 2, 'n', '1', 669139, 2829),
    (120510, 35, 3, 'n', '1', 669139, 2831),
    (120511, 36, 0, 's', '1', 669139, 2748),
    (120512, 36, 1, 's', '1', 669139, 2770),
    (120513, 36, 2, 'e', '1', 669139, 2908),
    (120514, 36, 3, 'w', '1', 669139, 2997),
    (120515, 37, 0, 'n', '1', 669139, 2758),
    (120516, 37, 1, 'n', '1', 669139, 2740),
    (120517, 37, 2, 'n', '1', 669139, 2817),
    (120518, 37, 3, 'n', '1', 669139, 2901),
    (120519, 38, 0, 'e', '1', 669139, 2796),
    (120520, 38, 1, 'n', '1', 669139, 2986),
    (120521, 38, 2, 's', '1', 669139, 2761),
    (120522, 38, 3, 'x', '0', 669139, 2762),
    (120523, 38, 4, 'e', '1', 669139, 2746),
    (120524, 39, 0, 'w', '1', 669139, 2740),
    (120525, 39, 1, 'w', '1', 669139, 2746),
    (120526, 39, 2, 'n', '1', 669139, 2770),
    (120527, 39, 3, 'w', '1', 669139, 2817),
    (120528, 40, 0, 's', '1', 669139, 2935),
    (120529, 40, 1, 'e', '1', 669139, 2768),
    (120530, 40, 2, 'n', '1', 669139, 2748),
    (120531, 40, 3, 'n', '1', 669139, 2824),
    (120532, 41, 0, 'e', '1', 669139, 2765),
    (120533, 41, 1, 'n', '1', 669139, 3024),
    (120534, 41, 2, 'n', '1', 669139, 2744),
    (120535, 41, 3, 'n', '1', 669139, 2729),
    (120536, 42, 0, 'e', '1', 669139, 2862),
    (120537, 42, 1, 'e', '1', 669139, 3025),
    (120538, 42, 2, 'e', '1', 669139, 2852),
    (120539, 42, 3, 'n', '1', 669139, 2933),
    (120540, 43, 0, 'n', '1', 669139, 2764),
    (120541, 43, 1, 'n', '1', 669139, 3007),
    (120542, 43, 2, 'x', '0', 669139, 2859),
    (120543, 43, 3, 'w', '1', 669139, 2938),
    (120544, 43, 4, 'n', '1', 669139, 2941),
    (120545, 44, 0, 'e', '1', 669139, 2885),
    (120546, 44, 1, 's', '1', 669139, 3026),
    (120547, 44, 2, 's', '1', 669139, 3007),
    (120548, 44, 3, 'x', '0', 669139, 2801),
    (120549, 44, 4, 'w', '1', 669139, 2938),
    (120550, 45, 0, 'e', '1', 669139, 2886),
    (120551, 45, 1, 's', '1', 669139, 2982),
    (120552, 45, 2, 'e', '1', 669139, 2801),
    (120553, 45, 3, 'e', '1', 669139, 2931),
    (120554, 45, 4, 'x', '0', 669139, 2910),
    (120555, 46, 0, 'e', '1', 669139, 2793),
    (120556, 46, 1, 'e', '1', 669139, 2930),
    (120557, 46, 2, 'n', '1', 669139, 2932),
    (120558, 46, 3, 'x', '0', 669139, 2910),
    (120559, 46, 4, 'w', '1', 669139, 2792),
    (120560, 47, 0, 'n', '1', 669139, 2941),
    (120561, 47, 1, 'n', '1', 669139, 2942),
    (120562, 47, 2, 'n', '1', 669139, 2943);

-- Openings by match (from prepareTestCycle.sql)
INSERT INTO OpeningsByMatch (id, matches_id, position_id)
VALUES
    (7297, 669122, 2723),
    (7298, 669122, 2718),
    (7299, 669122, 2763),
    (7300, 669122, 2790),
    (7301, 669122, 2797),
    (7302, 669122, 2903),
    (7303, 669122, 2782),
    (7304, 669122, 2722),
    (7305, 669122, 2779),
    (7306, 669122, 2717),
    (7307, 669122, 2902),
    (7308, 669122, 2739),
    (7309, 669122, 2789),
    (7310, 669122, 2905),
    (7311, 669122, 2817),
    (7312, 669122, 2721),
    (7313, 669122, 3067),
    (7314, 669122, 3068),
    (7315, 669122, 3069),
    (7316, 669122, 3070),
    (7317, 669122, 3071),
    (7318, 669122, 3072),
    (7319, 669122, 3073),
    (7320, 669122, 3074),
    (7321, 669122, 3075),
    (7322, 669122, 3076),
    (7323, 669122, 3077),
    (7324, 669122, 3078),
    (7325, 669122, 3079),
    (7326, 669122, 3080),
    (7327, 669122, 3081),
    (7328, 669122, 3082),
    (7329, 669123, 2723),
    (7330, 669123, 2724),
    (7331, 669123, 2858),
    (7332, 669123, 2790),
    (7333, 669123, 2841),
    (7334, 669123, 2903),
    (7335, 669123, 2782),
    (7336, 669123, 2810),
    (7337, 669123, 2815),
    (7338, 669123, 2822),
    (7339, 669123, 2902),
    (7340, 669123, 2791),
    (7341, 669123, 2827),
    (7342, 669123, 2905),
    (7343, 669123, 2817),
    (7344, 669123, 2721),
    (7345, 669123, 3083),
    (7346, 669123, 3084),
    (7347, 669123, 3069),
    (7348, 669123, 3070),
    (7349, 669123, 3071),
    (7350, 669123, 3085),
    (7351, 669123, 3086),
    (7352, 669123, 3073),
    (7353, 669123, 3075),
    (7354, 669123, 3076),
    (7355, 669123, 3077),
    (7356, 669123, 3078),
    (7357, 669123, 3079),
    (7358, 669123, 3081),
    (7359, 669123, 3087),
    (7360, 669123, 3082),
    (7841, 669139, 2927),
    (7842, 669139, 2962),
    (7843, 669139, 2858),
    (7844, 669139, 2975),
    (7845, 669139, 2963),
    (7846, 669139, 2903),
    (7847, 669139, 2901),
    (7848, 669139, 2888),
    (7849, 669139, 2779),
    (7850, 669139, 2717),
    (7851, 669139, 2969),
    (7852, 669139, 2965),
    (7853, 669139, 2867),
    (7854, 669139, 2952),
    (7855, 669139, 2728),
    (7856, 669139, 2834),
    (7857, 669139, 3090),
    (7858, 669139, 3113),
    (7859, 669139, 3075),
    (7860, 669139, 3088),
    (7861, 669139, 3118),
    (7862, 669139, 3076),
    (7863, 669139, 3092),
    (7864, 669139, 3120),
    (7865, 669139, 3077),
    (7866, 669139, 3106),
    (7867, 669139, 3078),
    (7868, 669139, 3089),
    (7869, 669139, 3111),
    (7870, 669139, 3081),
    (7871, 669139, 3087),
    (7872, 669139, 3082);

-- Quick visibility
SELECT '[SEED] Players' AS label; SELECT id, username, rating, games_played FROM Players ORDER BY id;
SELECT '[SEED] Matches' AS label; SELECT id, gameTypes_id, `timestamp` FROM Matches ORDER BY id;
SELECT '[CHECK] audit_log' AS label; SELECT id, table_name, operation, new_value, changed_at FROM audit_log ORDER BY id;


